Workbook

Sheet Leyenda
A1: Estado | B1: Significado
A2: Actual | B2: Funcionalidad implementada hoy en la plataforma Kublau OKR (inventario de código, 2026-09-10).
A3: Futuro | B3: Funcionalidad planeada / pendiente para la plataforma.
A4: Asana ahora | B4: Funcionalidad observada en Asana (tablero ALPrioridades) como benchmark; no existe en la plataforma.
A5: Descartado | B5: Evaluada y descartada.
A7: Uso | B7: Edita la columna Estado del Inventario (lista desplegable). Para convertir una fila de Asana en plan, duplícala con Módulo de la plataforma y Estado = Futuro.
A8: Columnas | B8: Módulo = área funcional; Pantalla/Vista = dónde vive; Funcionalidad = botón/control/vista/comportamiento; Descripción = qué hace; Rol = quién puede usarla.

Sheet Módulos
A1: Módulo | B1: Propósito | C1: Funcionalidades (Actual) | D1: Futuro | E1: Asana ahora | F1: Total
A2: Dashboard | B2: Resumen de un vistazo del periodo activo: conteos, progreso promedio y últimos objetivos/tareas. | C2: =COUNTIFS(Inventario!$B:$B,$A2,Inventario!$F:$F,"Actual") -> 11 | D2: =COUNTIFS(Inventario!$B:$B,$A2,Inventario!$F:$F,"Futuro") -> 0 | E2: =COUNTIFS(Inventario!$B:$B,$A2,Inventario!$F:$F,"Asana ahora") -> 0 | F2: =SUM(C2:E2) -> 11
A3: Check-in | B3: Flujo de reporte periódico: encolar progreso, estado y cierre de tareas y enviarlo como un check-in. | C3: =COUNTIFS(Inventario!$B:$B,$A3,Inventario!$F:$F,"Actual") -> 46 | D3: =COUNTIFS(Inventario!$B:$B,$A3,Inventario!$F:$F,"Futuro") -> 0 | E3: =COUNTIFS(Inventario!$B:$B,$A3,Inventario!$F:$F,"Asana ahora") -> 0 | F3: =SUM(C3:E3) -> 46
A4: Objetivos | B4: Vista operativa principal de objetivos agrupados por KPI con 5 visualizaciones, creación y edición inline. | C4: =COUNTIFS(Inventario!$B:$B,$A4,Inventario!$F:$F,"Actual") -> 37 | D4: =COUNTIFS(Inventario!$B:$B,$A4,Inventario!$F:$F,"Futuro") -> 0 | E4: =COUNTIFS(Inventario!$B:$B,$A4,Inventario!$F:$F,"Asana ahora") -> 0 | F4: =SUM(C4:E4) -> 37
A5: Objetivo detalle | B5: Espacio de un objetivo: campos, progreso, tareas y timeline, editable en sitio. | C5: =COUNTIFS(Inventario!$B:$B,$A5,Inventario!$F:$F,"Actual") -> 8 | D5: =COUNTIFS(Inventario!$B:$B,$A5,Inventario!$F:$F,"Futuro") -> 0 | E5: =COUNTIFS(Inventario!$B:$B,$A5,Inventario!$F:$F,"Asana ahora") -> 0 | F5: =SUM(C5:E5) -> 8
A6: Skill Tree | B6: Constelación radial de KPIs y objetivos del periodo, con tabla alternativa y drawer. | C6: =COUNTIFS(Inventario!$B:$B,$A6,Inventario!$F:$F,"Actual") -> 9 | D6: =COUNTIFS(Inventario!$B:$B,$A6,Inventario!$F:$F,"Futuro") -> 0 | E6: =COUNTIFS(Inventario!$B:$B,$A6,Inventario!$F:$F,"Asana ahora") -> 0 | F6: =SUM(C6:E6) -> 9
A7: OKRs | B7: Tabla jerárquica KPI → objetivo → tarea con reorden por arrastre y edición inline. | C7: =COUNTIFS(Inventario!$B:$B,$A7,Inventario!$F:$F,"Actual") -> 5 | D7: =COUNTIFS(Inventario!$B:$B,$A7,Inventario!$F:$F,"Futuro") -> 0 | E7: =COUNTIFS(Inventario!$B:$B,$A7,Inventario!$F:$F,"Asana ahora") -> 0 | F7: =SUM(C7:E7) -> 5
A8: KPIs | B8: Galería de KPIs del periodo, creación y acceso al detalle. | C8: =COUNTIFS(Inventario!$B:$B,$A8,Inventario!$F:$F,"Actual") -> 4 | D8: =COUNTIFS(Inventario!$B:$B,$A8,Inventario!$F:$F,"Futuro") -> 0 | E8: =COUNTIFS(Inventario!$B:$B,$A8,Inventario!$F:$F,"Asana ahora") -> 0 | F8: =SUM(C8:E8) -> 4
A9: KPI detalle | B9: Espacio de un KPI: campos, progreso consolidado, objetivos vinculados y timeline. | C9: =COUNTIFS(Inventario!$B:$B,$A9,Inventario!$F:$F,"Actual") -> 6 | D9: =COUNTIFS(Inventario!$B:$B,$A9,Inventario!$F:$F,"Futuro") -> 0 | E9: =COUNTIFS(Inventario!$B:$B,$A9,Inventario!$F:$F,"Asana ahora") -> 0 | F9: =SUM(C9:E9) -> 6
A10: Mis Tareas | B10: Lista personal de tareas del usuario agrupadas por objetivo (periodo activo). | C10: =COUNTIFS(Inventario!$B:$B,$A10,Inventario!$F:$F,"Actual") -> 16 | D10: =COUNTIFS(Inventario!$B:$B,$A10,Inventario!$F:$F,"Futuro") -> 2 | E10: =COUNTIFS(Inventario!$B:$B,$A10,Inventario!$F:$F,"Asana ahora") -> 0 | F10: =SUM(C10:E10) -> 18
A11: Revisión Mensual | B11: Auto-revisión mensual de progreso y estado de tareas con comentario. | C11: =COUNTIFS(Inventario!$B:$B,$A11,Inventario!$F:$F,"Actual") -> 6 | D11: =COUNTIFS(Inventario!$B:$B,$A11,Inventario!$F:$F,"Futuro") -> 0 | E11: =COUNTIFS(Inventario!$B:$B,$A11,Inventario!$F:$F,"Asana ahora") -> 0 | F11: =SUM(C11:E11) -> 6
A12: Trimestral | B12: Dashboard ejecutivo trimestral con modo presentación y exportación PDF. | C12: =COUNTIFS(Inventario!$B:$B,$A12,Inventario!$F:$F,"Actual") -> 7 | D12: =COUNTIFS(Inventario!$B:$B,$A12,Inventario!$F:$F,"Futuro") -> 0 | E12: =COUNTIFS(Inventario!$B:$B,$A12,Inventario!$F:$F,"Asana ahora") -> 0 | F12: =SUM(C12:E12) -> 7
A13: Periodos | B13: Gestión de periodos trimestrales y selección del activo. | C13: =COUNTIFS(Inventario!$B:$B,$A13,Inventario!$F:$F,"Actual") -> 4 | D13: =COUNTIFS(Inventario!$B:$B,$A13,Inventario!$F:$F,"Futuro") -> 0 | E13: =COUNTIFS(Inventario!$B:$B,$A13,Inventario!$F:$F,"Asana ahora") -> 0 | F13: =SUM(C13:E13) -> 4
... A36: Asana · Analítica | B36: Benchmark Asana: dashboard de proyecto. | C36: =COUNTIFS(Inventario!$B:$B,$A36,Inventario!$F:$F,"Actual") -> 0 | D36: =COUNTIFS(Inventario!$B:$B,$A36,Inventario!$F:$F,"Futuro") -> 0 | E36: =COUNTIFS(Inventario!$B:$B,$A36,Inventario!$F:$F,"Asana ahora") -> 1 | F36: =SUM(C36:E36) -> 1
A37: Total | C37: =SUM(C2:C36) -> 228 | D37: =SUM(D2:D36) -> 3 | E37: =SUM(E2:E36) -> 35 | F37: =SUM(F2:F36) -> 266

Sheet Inventario
A1: ID | B1: Módulo | C1: Pantalla / Vista | D1: Funcionalidad | E1: Descripción | F1: Estado | G1: Rol / Restricción | H1: Notas
A2: F-001 | B2: Dashboard | C2: Home | D2: Subtítulo "Periodo activo: {nombre}" | E2: Muestra a qué periodo pertenecen todas las cifras | F2: Actual | G2: — | H2: Oculto si no hay periodo activo
A3: F-002 | B3: Dashboard | C3: Home | D3: Tarjeta "KPIs" | E3: Cuenta los KPIs del periodo activo | F3: Actual | G3: — | H3: —
A4: F-003 | B4: Dashboard | C4: Home | D4: Tarjeta "Objetivos" | E4: Cuenta los objetivos del periodo activo | F4: Actual | G4: — | H4: —
A5: F-004 | B5: Dashboard | C5: Home | D5: Tarjeta "Tareas completadas" | E5: Muestra tareas completadas sobre el total del periodo (X/Y) | F5: Actual | G5: — | H5: —
A6: F-005 | B6: Dashboard | C6: Home | D6: Tarjeta "Tareas bloqueadas" | E6: Cuenta las tareas bloqueadas actualmente | F6: Actual | G6: — | H6: —
A7: F-006 | B7: Dashboard | C7: Home | D7: Barra "Progreso promedio de KPIs" | E7: Promedio de progreso manual de todos los KPIs del periodo | F7: Actual | G7: — | H7: 0% sin KPIs
A8: F-007 | B8: Dashboard | C8: Home | D8: Barra "Progreso promedio de Objetivos" | E8: Promedio de progreso manual de todos los objetivos del periodo | F8: Actual | G8: — | H8: 0% sin objetivos
A9: F-008 | B9: Dashboard | C9: Home | D9: Lista "Objetivos recientes" | E9: Últimos 5 objetivos creados con su badge de estado | F9: Actual | G9: — | H9: Vacío: "Aún no hay objetivos para este periodo."
A10: F-009 | B10: Dashboard | C10: Home | D10: Lista "Tareas recientes" | E10: Últimas 5 tareas del periodo con su badge de estado | F10: Actual | G10: — | H10: Vacío: "Aún no hay tareas para este periodo."
A11: F-010 | B11: Dashboard | C11: Home | D11: Badges de estado | E11: Etiquetas de color+icono (Objetivo: En progreso/Pausado/Deprecado/Próximo; Tarea: Pendiente/En progreso/Completada/Bloqueada) | F11: Actual | G11: — | H11: Solo lectura
A12: F-011 | B12: Dashboard | C12: Home | D12: Estados de carga y error | E12: "Cargando dashboard..." y banner "No pudimos cargar el dashboard" | F12: Actual | G12: — | H12: —
... A267: F-266 | B267: Asana · Analítica | C267: Dashboard | D267: Widgets de conteo y gráficas | E267: Completadas/incompletas/vencidas, por sección, por asignado, completado en el tiempo | F267: Asana ahora | G267: — | H267: —
